Workbook

Sheet Dashboard
A1: Soft Launch Dashboard
A2: Azure VM B1ms + PostgreSQL soft launch vir Graad 8 en 9
A4: Maatstaf | B4: Waarde | D4: Fase | E4: Take | F4: Voltooi | G4: Risiko | H4: Laat
A5: Soft launch datum | B5: ='Instellings'!B2 | D5: Besluitneming | E5: =COUNTIF(Taaklys!B:B,D5) | F5: =COUNTIFS(Taaklys!B:B,D5,Taaklys!H:H,"Voltooi") | G5: =COUNTIFS(Taaklys!B:B,D5,Taaklys!H:H,"Risiko") | H5: =COUNTIFS(Taaklys!B:B,D5,Taaklys!L:L,"Ja")
A6: Subdomain | B6: ='Instellings'!B7 | D6: DNS en Azure | E6: =COUNTIF(Taaklys!B:B,D6) | F6: =COUNTIFS(Taaklys!B:B,D6,Taaklys!H:H,"Voltooi") | G6: =COUNTIFS(Taaklys!B:B,D6,Taaklys!H:H,"Risiko") | H6: =COUNTIFS(Taaklys!B:B,D6,Taaklys!L:L,"Ja")
A7: Begroting per maand | B7: ='Instellings'!B5 | D7: App voorbereiding | E7: =COUNTIF(Taaklys!B:B,D7) | F7: =COUNTIFS(Taaklys!B:B,D7,Taaklys!H:H,"Voltooi") | G7: =COUNTIFS(Taaklys!B:B,D7,Taaklys!H:H,"Risiko") | H7: =COUNTIFS(Taaklys!B:B,D7,Taaklys!L:L,"Ja")
A8: Totale take | B8: =COUNTA(Taaklys!A3:A30) | D8: Databasis | E8: =COUNTIF(Taaklys!B:B,D8) | F8: =COUNTIFS(Taaklys!B:B,D8,Taaklys!H:H,"Voltooi") | G8: =COUNTIFS(Taaklys!B:B,D8,Taaklys!H:H,"Risiko") | H8: =COUNTIFS(Taaklys!B:B,D8,Taaklys!L:L,"Ja")
A9: Voltooide take | B9: =COUNTIF(Taaklys!H3:H30,"Voltooi") | D9: Inhoud | E9: =COUNTIF(Taaklys!B:B,D9) | F9: =COUNTIFS(Taaklys!B:B,D9,Taaklys!H:H,"Voltooi") | G9: =COUNTIFS(Taaklys!B:B,D9,Taaklys!H:H,"Risiko") | H9: =COUNTIFS(Taaklys!B:B,D9,Taaklys!L:L,"Ja")
A10: Take laat | B10: =COUNTIF(Taaklys!L3:L30,"Ja") | D10: Toetsing | E10: =COUNTIF(Taaklys!B:B,D10) | F10: =COUNTIFS(Taaklys!B:B,D10,Taaklys!H:H,"Voltooi") | G10: =COUNTIFS(Taaklys!B:B,D10,Taaklys!H:H,"Risiko") | H10: =COUNTIFS(Taaklys!B:B,D10,Taaklys!L:L,"Ja")
A11: Risiko take | B11: =COUNTIF(Taaklys!H3:H30,"Risiko") | D11: Kommunikasie | E11: =COUNTIF(Taaklys!B:B,D11) | F11: =COUNTIFS(Taaklys!B:B,D11,Taaklys!H:H,"Voltooi") | G11: =COUNTIFS(Taaklys!B:B,D11,Taaklys!H:H,"Risiko") | H11: =COUNTIFS(Taaklys!B:B,D11,Taaklys!L:L,"Ja")
A12: Gemiddelde vordering | B12: =AVERAGE(Taaklys!I3:I30) | D12: Go No Go | E12: =COUNTIF(Taaklys!B:B,D12) | F12: =COUNTIFS(Taaklys!B:B,D12,Taaklys!H:H,"Voltooi") | G12: =COUNTIFS(Taaklys!B:B,D12,Taaklys!H:H,"Risiko") | H12: =COUNTIFS(Taaklys!B:B,D12,Taaklys!L:L,"Ja")
A13: Dae tot launch | B13: ='Instellings'!B2-TODAY() | D13: Launch | E13: =COUNTIF(Taaklys!B:B,D13) | F13: =COUNTIFS(Taaklys!B:B,D13,Taaklys!H:H,"Voltooi") | G13: =COUNTIFS(Taaklys!B:B,D13,Taaklys!H:H,"Risiko") | H13: =COUNTIFS(Taaklys!B:B,D13,Taaklys!L:L,"Ja")
A14: Go no go status | B14: =IF(B7>0,"Rooi",IF(B6>0,"Amber",IF(B8>=0.85,"Groen","Amber"))) | D14: Monitering | E14: =COUNTIF(Taaklys!B:B,D14) | F14: =COUNTIFS(Taaklys!B:B,D14,Taaklys!H:H,"Voltooi") | G14: =COUNTIFS(Taaklys!B:B,D14,Taaklys!H:H,"Risiko") | H14: =COUNTIFS(Taaklys!B:B,D14,Taaklys!L:L,"Ja")
A17: Aksies Wat Nou Aandag Nodig Het
A18: ID | B18: Fase | C18: Taak | D18: Eienaar | E18: Einde | F18: Status | G18: Prioriteit | H18: Rede
A19: =IF(OR(Taaklys!L3="Ja",Taaklys!H3="Risiko",Taaklys!H3="Wag op iemand"),Taaklys!A3,"") | B19: =IF(A19<>"",Taaklys!B3,"") | C19: =IF(A19<>"",Taaklys!C3,"") | D19: =IF(A19<>"",Taaklys!D3,"") | E19: =IF(A19<>"",Taaklys!F3,"") | F19: =IF(A19<>"",Taaklys!H3,"") | G19: =IF(A19<>"",Taaklys!J3,"") | H19: =IF(A19="","",IF(Taaklys!L3="Ja","Laat",IF(Taaklys!H3="Risiko","Risiko","Wag op iemand")))
A20: =IF(OR(Taaklys!L4="Ja",Taaklys!H4="Risiko",Taaklys!H4="Wag op iemand"),Taaklys!A4,"") | B20: =IF(A20<>"",Taaklys!B4,"") | C20: =IF(A20<>"",Taaklys!C4,"") | D20: =IF(A20<>"",Taaklys!D4,"") | E20: =IF(A20<>"",Taaklys!F4,"") | F20: =IF(A20<>"",Taaklys!H4,"") | G20: =IF(A20<>"",Taaklys!J4,"") | H20: =IF(A20="","",IF(Taaklys!L4="Ja","Laat",IF(Taaklys!H4="Risiko","Risiko","Wag op iemand")))
A21: =IF(OR(Taaklys!L5="Ja",Taaklys!H5="Risiko",Taaklys!H5="Wag op iemand"),Taaklys!A5,"") | B21: =IF(A21<>"",Taaklys!B5,"") | C21: =IF(A21<>"",Taaklys!C5,"") | D21: =IF(A21<>"",Taaklys!D5,"") | E21: =IF(A21<>"",Taaklys!F5,"") | F21: =IF(A21<>"",Taaklys!H5,"") | G21: =IF(A21<>"",Taaklys!J5,"") | H21: =IF(A21="","",IF(Taaklys!L5="Ja","Laat",IF(Taaklys!H5="Risiko","Risiko","Wag op iemand")))
A22: =IF(OR(Taaklys!L6="Ja",Taaklys!H6="Risiko",Taaklys!H6="Wag op iemand"),Taaklys!A6,"") | B22: =IF(A22<>"",Taaklys!B6,"") | C22: =IF(A22<>"",Taaklys!C6,"") | D22: =IF(A22<>"",Taaklys!D6,"") | E22: =IF(A22<>"",Taaklys!F6,"") | F22: =IF(A22<>"",Taaklys!H6,"") | G22: =IF(A22<>"",Taaklys!J6,"") | H22: =IF(A22="","",IF(Taaklys!L6="Ja","Laat",IF(Taaklys!H6="Risiko","Risiko","Wag op iemand")))
A23: =IF(OR(Taaklys!L7="Ja",Taaklys!H7="Risiko",Taaklys!H7="Wag op iemand"),Taaklys!A7,"") | B23: =IF(A23<>"",Taaklys!B7,"") | C23: =IF(A23<>"",Taaklys!C7,"") | D23: =IF(A23<>"",Taaklys!D7,"") | E23: =IF(A23<>"",Taaklys!F7,"") | F23: =IF(A23<>"",Taaklys!H7,"") | G23: =IF(A23<>"",Taaklys!J7,"") | H23: =IF(A23="","",IF(Taaklys!L7="Ja","Laat",IF(Taaklys!H7="Risiko","Risiko","Wag op iemand")))
A24: =IF(OR(Taaklys!L8="Ja",Taaklys!H8="Risiko",Taaklys!H8="Wag op iemand"),Taaklys!A8,"") | B24: =IF(A24<>"",Taaklys!B8,"") | C24: =IF(A24<>"",Taaklys!C8,"") | D24: =IF(A24<>"",Taaklys!D8,"") | E24: =IF(A24<>"",Taaklys!F8,"") | F24: =IF(A24<>"",Taaklys!H8,"") | G24: =IF(A24<>"",Taaklys!J8,"") | H24: =IF(A24="","",IF(Taaklys!L8="Ja","Laat",IF(Taaklys!H8="Risiko","Risiko","Wag op iemand")))
A25: =IF(OR(Taaklys!L9="Ja",Taaklys!H9="Risiko",Taaklys!H9="Wag op iemand"),Taaklys!A9,"") | B25: =IF(A25<>"",Taaklys!B9,"") | C25: =IF(A25<>"",Taaklys!C9,"") | D25: =IF(A25<>"",Taaklys!D9,"") | E25: =IF(A25<>"",Taaklys!F9,"") | F25: =IF(A25<>"",Taaklys!H9,"") | G25: =IF(A25<>"",Taaklys!J9,"") | H25: =IF(A25="","",IF(Taaklys!L9="Ja","Laat",IF(Taaklys!H9="Risiko","Risiko","Wag op iemand")))
A26: =IF(OR(Taaklys!L10="Ja",Taaklys!H10="Risiko",Taaklys!H10="Wag op iemand"),Taaklys!A10,"") | B26: =IF(A26<>"",Taaklys!B10,"") | C26: =IF(A26<>"",Taaklys!C10,"") | D26: =IF(A26<>"",Taaklys!D10,"") | E26: =IF(A26<>"",Taaklys!F10,"") | F26: =IF(A26<>"",Taaklys!H10,"") | G26: =IF(A26<>"",Taaklys!J10,"") | H26: =IF(A26="","",IF(Taaklys!L10="Ja","Laat",IF(Taaklys!H10="Risiko","Risiko","Wag op iemand")))
A27: =IF(OR(Taaklys!L11="Ja",Taaklys!H11="Risiko",Taaklys!H11="Wag op iemand"),Taaklys!A11,"") | B27: =IF(A27<>"",Taaklys!B11,"") | C27: =IF(A27<>"",Taaklys!C11,"") | D27: =IF(A27<>"",Taaklys!D11,"") | E27: =IF(A27<>"",Taaklys!F11,"") | F27: =IF(A27<>"",Taaklys!H11,"") | G27: =IF(A27<>"",Taaklys!J11,"") | H27: =IF(A27="","",IF(Taaklys!L11="Ja","Laat",IF(Taaklys!H11="Risiko","Risiko","Wag op iemand")))
A28: =IF(OR(Taaklys!L12="Ja",Taaklys!H12="Risiko",Taaklys!H12="Wag op iemand"),Taaklys!A12,"") | B28: =IF(A28<>"",Taaklys!B12,"") | C28: =IF(A28<>"",Taaklys!C12,"") | D28: =IF(A28<>"",Taaklys!D12,"") | E28: =IF(A28<>"",Taaklys!F12,"") | F28: =IF(A28<>"",Taaklys!H12,"") | G28: =IF(A28<>"",Taaklys!J12,"") | H28: =IF(A28="","",IF(Taaklys!L12="Ja","Laat",IF(Taaklys!H12="Risiko","Risiko","Wag op iemand")))
A29: =IF(OR(Taaklys!L13="Ja",Taaklys!H13="Risiko",Taaklys!H13="Wag op iemand"),Taaklys!A13,"") | B29: =IF(A29<>"",Taaklys!B13,"") | C29: =IF(A29<>"",Taaklys!C13,"") | D29: =IF(A29<>"",Taaklys!D13,"") | E29: =IF(A29<>"",Taaklys!F13,"") | F29: =IF(A29<>"",Taaklys!H13,"") | G29: =IF(A29<>"",Taaklys!J13,"") | H29: =IF(A29="","",IF(Taaklys!L13="Ja","Laat",IF(Taaklys!H13="Risiko","Risiko","Wag op iemand")))
A30: =IF(OR(Taaklys!L14="Ja",Taaklys!H14="Risiko",Taaklys!H14="Wag op iemand"),Taaklys!A14,"") | B30: =IF(A30<>"",Taaklys!B14,"") | C30: =IF(A30<>"",Taaklys!C14,"") | D30: =IF(A30<>"",Taaklys!D14,"") | E30: =IF(A30<>"",Taaklys!F14,"") | F30: =IF(A30<>"",Taaklys!H14,"") | G30: =IF(A30<>"",Taaklys!J14,"") | H30: =IF(A30="","",IF(Taaklys!L14="Ja","Laat",IF(Taaklys!H14="Risiko","Risiko","Wag op iemand")))

Sheet Taaklys
A1: Soft Launch Taaklys
A2: ID | B2: Fase | C2: Taak | D2: Eienaar | E2: Begin | F2: Einde | G2: Duur | H2: Status | I2: Vordering | J2: Prioriteit | K2: Dae Oor | L2: Laat | M2: Afhanklikheid | N2: Notas
A3: T01 | B3: Besluitneming | C3: Bevestig soft launch omvang vir Graad 8 en 9 | D3: Projekleier | E3: ='Instellings'!$B$2+-28 | F3: ='Instellings'!$B$2+-25 | G3: =F3-E3+1 | H3: Nie begin | I3: 0 | J3: Hoog | K3: =F3-TODAY() | L3: =IF(AND(H3<>"Voltooi",F3<TODAY()),"Ja","Nee") | N3: SGB en skoolbestuur moet die omvang goedkeur.
A4: T02 | B4: Besluitneming | C4: Kry POPIA en leerderdata goedkeuring | D4: SGB | E4: ='Instellings'!$B$2+-28 | F4: ='Instellings'!$B$2+-20 | G4: =F4-E4+1 | H4: Nie begin | I4: 0 | J4: Hoog | K4: =F4-TODAY() | L4: =IF(AND(H4<>"Voltooi",F4<TODAY()),"Ja","Nee") | M4: T01 | N4: Besluit watter leerderdata gestoor mag word.
A5: T03 | B5: Besluitneming | C5: Bevestig maandelikse Azure begroting | D5: SGB | E5: ='Instellings'!$B$2+-25 | F5: ='Instellings'!$B$2+-18 | G5: =F5-E5+1 | H5: Nie begin | I5: 0 | J5: Hoog | K5: =F5-TODAY() | L5: =IF(AND(H5<>"Voltooi",F5<TODAY()),"Ja","Nee") | M5: T01 | N5: Voorstel: R1 500 maksimum begrotingslyn.
A6: T04 | B6: DNS en Azure | C6: Bevestig subdomain naam en DNS eienaar | D6: Skool IT | E6: ='Instellings'!$B$2+-21 | F6: ='Instellings'!$B$2+-16 | G6: =F6-E6+1 | H6: Nie begin | I6: 0 | J6: Hoog | K6: =F6-TODAY() | L6: =IF(AND(H6<>"Voltooi",F6<TODAY()),"Ja","Nee") | M6: T01 | N6: Voorbeeld: akademie.hoerskoolflorida.co.za.
A7: T05 | B7: DNS en Azure | C7: Skep Azure resource group en netwerk | D7: Azure Admin | E7: ='Instellings'!$B$2+-18 | F7: ='Instellings'!$B$2+-14 | G7: =F7-E7+1 | H7: Nie begin | I7: 0 | J7: Hoog | K7: =F7-TODAY() | L7: =IF(AND(H7<>"Voltooi",F7<TODAY()),"Ja","Nee") | M7: T03 | N7: Hou alles in een resource group vir kostebeheer.
A8: T06 | B8: DNS en Azure | C8: Skep Azure VM B1ms | D8: Azure Admin | E8: ='Instellings'!$B$2+-16 | F8: ='Instellings'!$B$2+-13 | G8: =F8-E8+1 | H8: Nie begin | I8: 0 | J8: Hoog | K8: =F8-TODAY() | L8: =IF(AND(H8<>"Voltooi",F8<TODAY()),"Ja","Nee") | M8: T05 | N8: Ubuntu Linux VM vir Streamlit app.
A9: T07 | B9: DNS en Azure | C9: Skep Azure PostgreSQL Flexible Server | D9: Azure Admin | E9: ='Instellings'!$B$2+-16 | F9: ='Instellings'!$B$2+-12 | G9: =F9-E9+1 | H9: Nie begin | I9: 0 | J9: Hoog | K9: =F9-TODAY() | L9: =IF(AND(H9<>"Voltooi",F9<TODAY()),"Ja","Nee") | M9: T05 | N9: Gebruik private networking indien moontlik.
A10: T08 | B10: DNS en Azure | C10: Stel firewall en SSH toegang op | D10: Skool IT | E10: ='Instellings'!$B$2+-14 | F10: ='Instellings'!$B$2+-11 | G10: =F10-E10+1 | H10: Nie begin | I10: 0 | J10: Hoog | K10: =F10-TODAY() | L10: =IF(AND(H10<>"Voltooi",F10<TODAY()),"Ja","Nee") | M10: T06 | N10: Port 80/443 publiek. SSH beperk tot admin IP.
A11: T09 | B11: App voorbereiding | C11: Plaas production-school-app op VM | D11: Projekleier | E11: ='Instellings'!$B$2+-12 | F11: ='Instellings'!$B$2+-10 | G11: =F11-E11+1 | H11: Nie begin | I11: 0 | J11: Hoog | K11: =F11-TODAY() | L11: =IF(AND(H11<>"Voltooi",F11<TODAY()),"Ja","Nee") | M11: T06 | N11: Gebruik produksie-folder wat reeds gebou is.
A12: T10 | B12: App voorbereiding | C12: Stel .env en DATABASE_URL op | D12: Azure Admin | E12: ='Instellings'!$B$2+-10 | F12: ='Instellings'!$B$2+-9 | G12: =F12-E12+1 | H12: Nie begin | I12: 0 | J12: Hoog | K12: =F12-TODAY() | L12: =IF(AND(H12<>"Voltooi",F12<TODAY()),"Ja","Nee") | M12: T07 | N12: Gebruik sterk onderwyser wagwoord.
A13: T11 | B13: App voorbereiding | C13: Start app as systemd service | D13: Azure Admin | E13: ='Instellings'!$B$2+-9 | F13: ='Instellings'!$B$2+-8 | G13: =F13-E13+1 | H13: Nie begin | I13: 0 | J13: Hoog | K13: =F13-TODAY() | L13: =IF(AND(H13<>"Voltooi",F13<TODAY()),"Ja","Nee") | M13: T09 | N13: Toets dat service outomaties herstart.
A14: T12 | B14: App voorbereiding | C14: Stel Nginx reverse proxy op | D14: Azure Admin | E14: ='Instellings'!$B$2+-8 | F14: ='Instellings'!$B$2+-7 | G14: =F14-E14+1 | H14: Nie begin | I14: 0 | J14: Hoog | K14: =F14-TODAY() | L14: =IF(AND(H14<>"Voltooi",F14<TODAY()),"Ja","Nee") | M14: T11 | N14: Proxy na localhost:8501.
A15: T13 | B15: App voorbereiding | C15: Koppel subdomain en HTTPS sertifikaat | D15: Skool IT | E15: ='Instellings'!$B$2+-7 | F15: ='Instellings'!$B$2+-5 | G15: =F15-E15+1 | H15: Nie begin | I15: 0 | J15: Hoog | K15: =F15-TODAY() | L15: =IF(AND(H15<>"Voltooi",F15<TODAY()),"Ja","Nee") | M15: T04 | N15: Gebruik Let's Encrypt of skoolsertifikaat.
A16: T14 | B16: Databasis | C16: Toets PostgreSQL migrasie en tabelleskepping | D16: Projekleier | E16: ='Instellings'!$B$2+-7 | F16: ='Instellings'!$B$2+-5 | G16: =F16-E16+1 | H16: Nie begin | I16: 0 | J16: Hoog | K16: =F16-TODAY() | L16: =IF(AND(H16<>"Voltooi",F16<TODAY()),"Ja","Nee") | M16: T10 | N16: Toets login, registrasie, vrae en tellings.
A17: T15 | B17: Inhoud | C17: Laai Graad 8 vrae in | D17: Onderwyser | E17: ='Instellings'!$B$2+-7 | F17: ='Instellings'!$B$2+-3 | G17: =F17-E17+1 | H17: Nie begin | I17: 0 | J17: Medium | K17: =F17-TODAY() | L17: =IF(AND(H17<>"Voltooi",F17<TODAY()),"Ja","Nee") | M17: T14 | N17: Gebruik Excel bulk upload template.
A18: T16 | B18: Inhoud | C18: Laai Graad 9 vrae in | D18: Onderwyser | E18: ='Instellings'!$B$2+-7 | F18: ='Instellings'!$B$2+-3 | G18: =F18-E18+1 | H18: Nie begin | I18: 0 | J18: Medium | K18: =F18-TODAY() | L18: =IF(AND(H18<>"Voltooi",F18<TODAY()),"Ja","Nee") | M18: T14 | N18: Begin met Wiskunde, Tale en Kodering.
A19: T17 | B19: Inhoud | C19: Laai Meetkunde prente en diagramme | D19: Onderwyser | E19: ='Instellings'!$B$2+-6 | F19: ='Instellings'!$B$2+-2 | G19: =F19-E19+1 | H19: Nie begin | I19: 0 | J19: Medium | K19: =F19-TODAY() | L19: =IF(AND(H19<>"Voltooi",F19<TODAY()),"Ja","Nee") | M19: T15 | N19: Kontroleer dat prente op selfone leesbaar is.
A20: T18 | B20: Toetsing | C20: Interne toets met 3 onderwysers | D20: Onderwyser | E20: ='Instellings'!$B$2+-4 | F20: ='Instellings'!$B$2+-3 | G20: =F20-E20+1 | H20: Nie begin | I20: 0 | J20: Hoog | K20: =F20-TODAY() | L20: =IF(AND(H20<>"Voltooi",F20<TODAY()),"Ja","Nee") | M20: T13 | N20: Onderwyser login, vraagbank, dashboard.
A21: T19 | B21: Toetsing | C21: Toets met 5 Graad 8 leerders | D21: Projekleier | E21: ='Instellings'!$B$2+-3 | F21: ='Instellings'!$B$2+-2 | G21: =F21-E21+1 | H21: Nie begin | I21: 0 | J21: Hoog | K21: =F21-TODAY() | L21: =IF(AND(H21<>"Voltooi",F21<TODAY()),"Ja","Nee") | M21: T18 | N21: Fokus op selfoon en skoolnetwerk.
A22: T20 | B22: Toetsing | C22: Toets met 5 Graad 9 leerders | D22: Projekleier | E22: ='Instellings'!$B$2+-3 | F22: ='Instellings'!$B$2+-2 | G22: =F22-E22+1 | H22: Nie begin | I22: 0 | J22: Hoog | K22: =F22-TODAY() | L22: =IF(AND(H22<>"Voltooi",F22<TODAY()),"Ja","Nee") | M22: T18 | N22: Fokus op login, spoed en vrae.
A23: T21 | B23: Kommunikasie | C23: Maak kort leerder-instruksie | D23: Marketing | E23: ='Instellings'!$B$2+-3 | F23: ='Instellings'!$B$2+-1 | G23: =F23-E23+1 | H23: Nie begin | I23: 0 | J23: Medium | K23: =F23-TODAY() | L23: =IF(AND(H23<>"Voltooi",F23<TODAY()),"Ja","Nee") | M23: T19 | N23: Een bladsy of WhatsApp-boodskap.
A24: T22 | B24: Kommunikasie | C24: Maak onderwyser soft launch instruksie | D24: Projekleier | E24: ='Instellings'!$B$2+-3 | F24: ='Instellings'!$B$2+-1 | G24: =F24-E24+1 | H24: Nie begin | I24: 0 | J24: Medium | K24: =F24-TODAY() | L24: =IF(AND(H24<>"Voltooi",F24<TODAY()),"Ja","Nee") | M24: T18 | N24: Wie om te kontak as iets breek.
A25: T23 | B25: Go No Go | C25: Doen finale go no go vergadering | D25: SGB | E25: ='Instellings'!$B$2+-1 | F25: ='Instellings'!$B$2+-1 | G25: =F25-E25+1 | H25: Nie begin | I25: 0 | J25: Hoog | K25: =F25-TODAY() | L25: =IF(AND(H25<>"Voltooi",F25<TODAY()),"Ja","Nee") | M25: T20 | N25: Besluit of soft launch oopmaak.
A26: T24 | B26: Launch | C26: Soft launch vir Graad 8 en 9 | D26: Projekleier | E26: ='Instellings'!$B$2+0 | F26: ='Instellings'!$B$2+0 | G26: =F26-E26+1 | H26: Nie begin | I26: 0 | J26: Hoog | K26: =F26-TODAY() | L26: =IF(AND(H26<>"Voltooi",F26<TODAY()),"Ja","Nee") | M26: T23 | N26: Begin klein en monitor.
A27: T25 | B27: Monitering | C27: Monitor eerste dag se foute en spoed | D27: Projekleier | E27: ='Instellings'!$B$2+0 | F27: ='Instellings'!$B$2+1 | G27: =F27-E27+1 | H27: Nie begin | I27: 0 | J27: Hoog | K27: =F27-TODAY() | L27: =IF(AND(H27<>"Voltooi",F27<TODAY()),"Ja","Nee") | M27: T24 | N27: Hou screenshots/logs van foute.
A28: T26 | B28: Monitering | C28: Kyk Azure koste na eerste week | D28: Azure Admin | E28: ='Instellings'!$B$2+5 | F28: ='Instellings'!$B$2+7 | G28: =F28-E28+1 | H28: Nie begin | I28: 0 | J28: Hoog | K28: =F28-TODAY() | L28: =IF(AND(H28<>"Voltooi",F28<TODAY()),"Ja","Nee") | M28: T24 | N28: Vergelyk teen R1 500 begroting.
A29: T27 | B29: Monitering | C29: Versamel terugvoer van leerders | D29: Onderwyser | E29: ='Instellings'!$B$2+5 | F29: ='Instellings'!$B$2+10 | G29: =F29-E29+1 | H29: Nie begin | I29: 0 | J29: Medium | K29: =F29-TODAY() | L29: =IF(AND(H29<>"Voltooi",F29<TODAY()),"Ja","Nee") | M29: T24 | N29: Wat is moeilik, stadig of onduidelik.
A30: T28 | B30: Monitering | C30: Besluit oor uitbreiding na meer grade | D30: SGB | E30: ='Instellings'!$B$2+14 | F30: ='Instellings'!$B$2+18 | G30: =F30-E30+1 | H30: Nie begin | I30: 0 | J30: Medium | K30: =F30-TODAY() | L30: =IF(AND(H30<>"Voltooi",F30<TODAY()),"Ja","Nee") | M30: T26 | N30: Gebruik data en kostes vir besluit.

Sheet Tydlyn
A1: Dinamiese Tydlyn
A2: ID | B2: Fase | C2: Taak | D2: Begin | E2: Einde | F2: Status | G2: 46272 | H2: 46279 | I2: 46286 | J2: 46293 | K2: 46300 | L2: 46307 | M2: 46314 | N2: 46321 | O2: 46328 | P2: 46335 | Q2: 46342 | R2: 46349 | S2: 46356 | T2: 46363 | U2: 46370 | V2: 46377 | W2: 46384 | X2: 46391
A3: =Taaklys!A3 | B3: =Taaklys!B3 | C3: =Taaklys!C3 | D3: =Taaklys!E3 | E3: =Taaklys!F3 | F3: =Taaklys!H3 | G3: =IF(AND(G$2>=$D3,G$2<=$E3),"","") | H3: =IF(AND(H$2>=$D3,H$2<=$E3),"","") | I3: =IF(AND(I$2>=$D3,I$2<=$E3),"","") | J3: =IF(AND(J$2>=$D3,J$2<=$E3),"","") | K3: =IF(AND(K$2>=$D3,K$2<=$E3),"","") | L3: =IF(AND(L$2>=$D3,L$2<=$E3),"","") | M3: =IF(AND(M$2>=$D3,M$2<=$E3),"","") | N3: =IF(AND(N$2>=$D3,N$2<=$E3),"","") | ... X3: =IF(AND(X$2>=$D3,X$2<=$E3),"","")
A4: =Taaklys!A4 | B4: =Taaklys!B4 | C4: =Taaklys!C4 | D4: =Taaklys!E4 | E4: =Taaklys!F4 | F4: =Taaklys!H4 | G4: =IF(AND(G$2>=$D4,G$2<=$E4),"","") | H4: =IF(AND(H$2>=$D4,H$2<=$E4),"","") | I4: =IF(AND(I$2>=$D4,I$2<=$E4),"","") | J4: =IF(AND(J$2>=$D4,J$2<=$E4),"","") | K4: =IF(AND(K$2>=$D4,K$2<=$E4),"","") | L4: =IF(AND(L$2>=$D4,L$2<=$E4),"","") | M4: =IF(AND(M$2>=$D4,M$2<=$E4),"","") | N4: =IF(AND(N$2>=$D4,N$2<=$E4),"","") | ... X4: =IF(AND(X$2>=$D4,X$2<=$E4),"","")
A5: =Taaklys!A5 | B5: =Taaklys!B5 | C5: =Taaklys!C5 | D5: =Taaklys!E5 | E5: =Taaklys!F5 | F5: =Taaklys!H5 | G5: =IF(AND(G$2>=$D5,G$2<=$E5),"","") | H5: =IF(AND(H$2>=$D5,H$2<=$E5),"","") | I5: =IF(AND(I$2>=$D5,I$2<=$E5),"","") | J5: =IF(AND(J$2>=$D5,J$2<=$E5),"","") | K5: =IF(AND(K$2>=$D5,K$2<=$E5),"","") | L5: =IF(AND(L$2>=$D5,L$2<=$E5),"","") | M5: =IF(AND(M$2>=$D5,M$2<=$E5),"","") | N5: =IF(AND(N$2>=$D5,N$2<=$E5),"","") | ... X5: =IF(AND(X$2>=$D5,X$2<=$E5),"","")
A6: =Taaklys!A6 | B6: =Taaklys!B6 | C6: =Taaklys!C6 | D6: =Taaklys!E6 | E6: =Taaklys!F6 | F6: =Taaklys!H6 | G6: =IF(AND(G$2>=$D6,G$2<=$E6),"","") | H6: =IF(AND(H$2>=$D6,H$2<=$E6),"","") | I6: =IF(AND(I$2>=$D6,I$2<=$E6),"","") | J6: =IF(AND(J$2>=$D6,J$2<=$E6),"","") | K6: =IF(AND(K$2>=$D6,K$2<=$E6),"","") | L6: =IF(AND(L$2>=$D6,L$2<=$E6),"","") | M6: =IF(AND(M$2>=$D6,M$2<=$E6),"","") | N6: =IF(AND(N$2>=$D6,N$2<=$E6),"","") | ... X6: =IF(AND(X$2>=$D6,X$2<=$E6),"","")
A7: =Taaklys!A7 | B7: =Taaklys!B7 | C7: =Taaklys!C7 | D7: =Taaklys!E7 | E7: =Taaklys!F7 | F7: =Taaklys!H7 | G7: =IF(AND(G$2>=$D7,G$2<=$E7),"","") | H7: =IF(AND(H$2>=$D7,H$2<=$E7),"","") | I7: =IF(AND(I$2>=$D7,I$2<=$E7),"","") | J7: =IF(AND(J$2>=$D7,J$2<=$E7),"","") | K7: =IF(AND(K$2>=$D7,K$2<=$E7),"","") | L7: =IF(AND(L$2>=$D7,L$2<=$E7),"","") | M7: =IF(AND(M$2>=$D7,M$2<=$E7),"","") | N7: =IF(AND(N$2>=$D7,N$2<=$E7),"","") | ... X7: =IF(AND(X$2>=$D7,X$2<=$E7),"","")
A8: =Taaklys!A8 | B8: =Taaklys!B8 | C8: =Taaklys!C8 | D8: =Taaklys!E8 | E8: =Taaklys!F8 | F8: =Taaklys!H8 | G8: =IF(AND(G$2>=$D8,G$2<=$E8),"","") | H8: =IF(AND(H$2>=$D8,H$2<=$E8),"","") | I8: =IF(AND(I$2>=$D8,I$2<=$E8),"","") | J8: =IF(AND(J$2>=$D8,J$2<=$E8),"","") | K8: =IF(AND(K$2>=$D8,K$2<=$E8),"","") | L8: =IF(AND(L$2>=$D8,L$2<=$E8),"","") | M8: =IF(AND(M$2>=$D8,M$2<=$E8),"","") | N8: =IF(AND(N$2>=$D8,N$2<=$E8),"","") | ... X8: =IF(AND(X$2>=$D8,X$2<=$E8),"","")
A9: =Taaklys!A9 | B9: =Taaklys!B9 | C9: =Taaklys!C9 | D9: =Taaklys!E9 | E9: =Taaklys!F9 | F9: =Taaklys!H9 | G9: =IF(AND(G$2>=$D9,G$2<=$E9),"","") | H9: =IF(AND(H$2>=$D9,H$2<=$E9),"","") | I9: =IF(AND(I$2>=$D9,I$2<=$E9),"","") | J9: =IF(AND(J$2>=$D9,J$2<=$E9),"","") | K9: =IF(AND(K$2>=$D9,K$2<=$E9),"","") | L9: =IF(AND(L$2>=$D9,L$2<=$E9),"","") | M9: =IF(AND(M$2>=$D9,M$2<=$E9),"","") | N9: =IF(AND(N$2>=$D9,N$2<=$E9),"","") | ... X9: =IF(AND(X$2>=$D9,X$2<=$E9),"","")
A10: =Taaklys!A10 | B10: =Taaklys!B10 | C10: =Taaklys!C10 | D10: =Taaklys!E10 | E10: =Taaklys!F10 | F10: =Taaklys!H10 | G10: =IF(AND(G$2>=$D10,G$2<=$E10),"","") | H10: =IF(AND(H$2>=$D10,H$2<=$E10),"","") | I10: =IF(AND(I$2>=$D10,I$2<=$E10),"","") | J10: =IF(AND(J$2>=$D10,J$2<=$E10),"","") | K10: =IF(AND(K$2>=$D10,K$2<=$E10),"","") | L10: =IF(AND(L$2>=$D10,L$2<=$E10),"","") | M10: =IF(AND(M$2>=$D10,M$2<=$E10),"","") | N10: =IF(AND(N$2>=$D10,N$2<=$E10),"","") | ... X10: =IF(AND(X$2>=$D10,X$2<=$E10),"","")
A11: =Taaklys!A11 | B11: =Taaklys!B11 | C11: =Taaklys!C11 | D11: =Taaklys!E11 | E11: =Taaklys!F11 | F11: =Taaklys!H11 | G11: =IF(AND(G$2>=$D11,G$2<=$E11),"","") | H11: =IF(AND(H$2>=$D11,H$2<=$E11),"","") | I11: =IF(AND(I$2>=$D11,I$2<=$E11),"","") | J11: =IF(AND(J$2>=$D11,J$2<=$E11),"","") | K11: =IF(AND(K$2>=$D11,K$2<=$E11),"","") | L11: =IF(AND(L$2>=$D11,L$2<=$E11),"","") | M11: =IF(AND(M$2>=$D11,M$2<=$E11),"","") | N11: =IF(AND(N$2>=$D11,N$2<=$E11),"","") | ... X11: =IF(AND(X$2>=$D11,X$2<=$E11),"","")
A12: =Taaklys!A12 | B12: =Taaklys!B12 | C12: =Taaklys!C12 | D12: =Taaklys!E12 | E12: =Taaklys!F12 | F12: =Taaklys!H12 | G12: =IF(AND(G$2>=$D12,G$2<=$E12),"","") | H12: =IF(AND(H$2>=$D12,H$2<=$E12),"","") | I12: =IF(AND(I$2>=$D12,I$2<=$E12),"","") | J12: =IF(AND(J$2>=$D12,J$2<=$E12),"","") | K12: =IF(AND(K$2>=$D12,K$2<=$E12),"","") | L12: =IF(AND(L$2>=$D12,L$2<=$E12),"","") | M12: =IF(AND(M$2>=$D12,M$2<=$E12),"","") | N12: =IF(AND(N$2>=$D12,N$2<=$E12),"","") | ... X12: =IF(AND(X$2>=$D12,X$2<=$E12),"","")
A13: =Taaklys!A13 | B13: =Taaklys!B13 | C13: =Taaklys!C13 | D13: =Taaklys!E13 | E13: =Taaklys!F13 | F13: =Taaklys!H13 | G13: =IF(AND(G$2>=$D13,G$2<=$E13),"","") | H13: =IF(AND(H$2>=$D13,H$2<=$E13),"","") | I13: =IF(AND(I$2>=$D13,I$2<=$E13),"","") | J13: =IF(AND(J$2>=$D13,J$2<=$E13),"","") | K13: =IF(AND(K$2>=$D13,K$2<=$E13),"","") | L13: =IF(AND(L$2>=$D13,L$2<=$E13),"","") | M13: =IF(AND(M$2>=$D13,M$2<=$E13),"","") | N13: =IF(AND(N$2>=$D13,N$2<=$E13),"","") | ... X13: =IF(AND(X$2>=$D13,X$2<=$E13),"","")
A14: =Taaklys!A14 | B14: =Taaklys!B14 | C14: =Taaklys!C14 | D14: =Taaklys!E14 | E14: =Taaklys!F14 | F14: =Taaklys!H14 | G14: =IF(AND(G$2>=$D14,G$2<=$E14),"","") | H14: =IF(AND(H$2>=$D14,H$2<=$E14),"","") | I14: =IF(AND(I$2>=$D14,I$2<=$E14),"","") | J14: =IF(AND(J$2>=$D14,J$2<=$E14),"","") | K14: =IF(AND(K$2>=$D14,K$2<=$E14),"","") | L14: =IF(AND(L$2>=$D14,L$2<=$E14),"","") | M14: =IF(AND(M$2>=$D14,M$2<=$E14),"","") | N14: =IF(AND(N$2>=$D14,N$2<=$E14),"","") | ... X14: =IF(AND(X$2>=$D14,X$2<=$E14),"","")
... A30: =Taaklys!A30 | B30: =Taaklys!B30 | C30: =Taaklys!C30 | D30: =Taaklys!E30 | E30: =Taaklys!F30 | F30: =Taaklys!H30 | G30: =IF(AND(G$2>=$D30,G$2<=$E30),"","") | H30: =IF(AND(H$2>=$D30,H$2<=$E30),"","") | I30: =IF(AND(I$2>=$D30,I$2<=$E30),"","") | J30: =IF(AND(J$2>=$D30,J$2<=$E30),"","") | K30: =IF(AND(K$2>=$D30,K$2<=$E30),"","") | L30: =IF(AND(L$2>=$D30,L$2<=$E30),"","") | M30: =IF(AND(M$2>=$D30,M$2<=$E30),"","") | N30: =IF(AND(N$2>=$D30,N$2<=$E30),"","") | ... X30: =IF(AND(X$2>=$D30,X$2<=$E30),"","")

Sheet Instellings
A1: Soft Launch Instellings
A2: Instelling | B2: Waarde | C2: Nota
A3: Beplande soft launch datum | B3: 46300 | C3: Verander hierdie datum as die skool die launch skuif.
A4: Launch kwartaal begin | B4: 46296 | C4: Volgende kwartaal se beginpunt.
A5: Launch kwartaal einde | B5: 46387 | C5: Einde van kwartaal 4.
A6: Begroting per maand | B6: 1500 | C6: Rand. Verander soos SGB goedkeur.
A7: Teiken grade | B7: Graad 8 en 9 | C7: Soft launch groep.
A8: Subdomain | B8: akademie.skooldomain.co.za | C8: Vervang met die skool se regte subdomain.
A11: Status Keuses | C11: Prioriteit Keuses | E11: Eienaars
A12: Nie begin | C12: Hoog | E12: Projekleier
A13: Besig | C13: Medium | E13: Skool IT
A14: Wag op iemand | C14: Laag | E14: Onderwyser
A15: Voltooi | E15: SGB
A16: Risiko | E16: Marketing
E17: Borg
E18: Azure Admin
A20: Gebruik
A21: Verander net die waardes in geel selle. Die dashboard, taakstatus en tydlyn werk dan outomaties op.
